Designator,Footprint,Quantity,Value,LCSC Part #
BT1,BatteryHolder_MYOUNG_BS-08-B2AA016,1,Battery_Cell,C964792
"C1, C2, C3, C31, C4, C5",0805,6,10u,C440198
"C10, C11, C12, C13, C14, C15, C16, C17, C18, C19, C20, C21, C22, C23, C24, C25, C26, C27, C28, C29, C30, C35, C36, C37, C38, C39, C40, C41, C42, C43, C44, C45, C46, C47, C48, C49, C50, C51, C52, C53, C54, C55, C56, C57, C58, C7, C8, C9",0402,48,0u1,C307331
"D10, D11, D12, D4, D5, D6, D7, D8, D9",Diode_DFN1006,9,H3V3L10B,C20615781
J1,KYOCERA_AVX9159-006,1,Conn_01x10,
"Q1, Q10, Q11, Q12, Q13, Q14, Q15, Q16, Q2, Q3, Q4, Q5, Q6, Q7, Q8, Q9",SOT-23,16,HL2300,C7420343
"R1, R11, R13, R15, R17, R19, R21, R23, R25, R27, R29, R3, R31, R5, R7, R9",0402,16,5k1,C25905
"R10, R12, R14, R16, R18, R2, R20, R22, R24, R26, R28, R30, R32, R4, R6, R8",0402,16,470,C25117
SW1,SW_SPDT_Shouhan_MSK12C02,1,SW_SPDT,C431540
U1,SOT-23-5,1,AP2112K-1.8,C176944
"U10, U11, U12, U13, U14, U22, U23, U24, U25, U26, U34, U35, U36, U37, U38, U39, U47, U48, U49, U50, U51, U9",VSSOP-8_2.3x2mm_P0.5mm,22,74AUC2G32,C2876519
"U15, U16, U40, U41",SOT-363_SC-70-6,4,Inverter_Schmitt_Dual,C139318
"U17, U18, U19, U20, U21, U28, U29, U3, U30, U31, U32, U33, U4, U42, U43, U44, U45, U46, U5, U6, U7, U8",VSSOP-8_2.3x2mm_P0.5mm,22,SN74AUP2G08,C544478
"U2, U27",GS3911AG,2,GS3911AG,C22462667
