Designator,Mid X,Mid Y,Rotation,Layer
BT1,25.75,53.5,90.0,top
C1,6.25,60.25,270.0,top
C10,31.5,33.75,270.0,top
C11,25.5,28.52,270.0,top
C12,13.5,31.27,270.0,top
C13,13.5,34.0,270.0,top
C14,61.5,28.5,270.0,top
C15,55.5,28.5,270.0,top
C16,43.5,28.5,270.0,top
C17,31.5,31.25,270.0,top
C18,31.5,28.52,270.0,top
C19,25.5,31.25,270.0,top
C2,3.5,56.75,180.0,top
C20,13.5,28.52,270.0,top
C21,67.5,31.23,270.0,top
C22,61.5,31.25,270.0,top
C23,49.5,31.25,270.0,top
C24,37.5,28.5,270.0,top
C25,37.5,31.27,270.0,top
C26,19.5,28.5,270.0,top
C27,19.5,31.27,270.0,top
C28,67.5,28.52,270.0,top
C29,55.5,31.25,270.0,top
C3,48.75,45.5,270.0,top
C30,49.5,28.52,270.0,top
C31,58.75,45.5,270.0,top
C35,3.0,6.5,180.0,top
C36,3.0875,3.5,180.0,top
C37,43.75,13.75,270.0,top
C38,31.75,16.25,270.0,top
C39,25.75,11.02,270.0,top
C4,48.75,67.5,90.0,top
C40,13.75,13.77,270.0,top
C41,13.75,16.5,270.0,top
C42,61.75,11.0,270.0,top
C43,55.75,11.0,270.0,top
C44,43.75,11.0,270.0,top
C45,31.75,13.75,270.0,top
C46,31.75,11.02,270.0,top
C47,25.75,13.75,270.0,top
C48,13.75,11.02,270.0,top
C49,67.75,13.73,270.0,top
C5,58.75,67.5,90.0,top
C50,61.75,13.75,270.0,top
C51,49.75,13.75,270.0,top
C52,37.75,11.0,270.0,top
C53,37.75,13.77,270.0,top
C54,19.75,11.0,270.0,top
C55,19.75,13.77,270.0,top
C56,67.75,11.02,270.0,top
C57,55.75,13.75,270.0,top
C58,49.75,11.02,270.0,top
C7,2.75,24.0,180.0,top
C8,2.8375,21.0,180.0,top
C9,43.5,31.25,270.0,top
D10,2.5,9.5,90.0,top
D11,7.5,2.5,270.0,top
D12,22.5,71.0,0.0,top
D4,6.5,29.75,180.0,top
D5,6.5,33.925,90.0,top
D6,6.5,35.925,90.0,top
D7,6.5,38.075,90.0,top
D8,4.0,18.0,45.0,top
D9,5.25,12.25,180.0,top
FID1,6.0,14.81,0.0,top
FID2,13.0,66.0,0.0,top
FID3,66.0,53.0,0.0,top
H1,4.0,10.81,0.0,top
H2,7.0,65.0,0.0,top
H3,66.0,61.0,0.0,top
H4,5.0,71.0,0.0,top
H5,71.0,5.0,0.0,top
H6,71.0,71.0,0.0,top
J1,3.5,35.5,90.0,top
JP1,10.98,61.0,270.0,top
Q1,51.75,68.75,90.0,top
Q10,61.0,73.25,90.0,top
Q11,61.75,44.25,270.0,top
Q12,58.25,41.5,0.0,top
Q13,55.75,44.25,270.0,top
Q14,57.25,72.5,0.0,top
Q15,55.75,68.75,90.0,top
Q16,62.0,39.25,270.0,top
Q2,51.0,73.25,90.0,top
Q3,51.75,44.25,270.0,top
Q4,48.25,41.5,0.0,top
Q5,45.75,44.25,270.0,top
Q6,47.25,72.5,0.0,top
Q7,45.75,68.75,90.0,top
Q8,52.0,39.25,270.0,top
Q9,61.75,68.75,90.0,top
R1,52.5,71.25,0.0,top
R10,45.25,46.75,0.0,top
R11,48.75,69.75,0.0,top
R12,46.833139,66.254891,0.0,top
R13,45.25,71.18,180.0,top
R14,44.9356,66.254891,0.0,top
R15,53.25,41.25,90.0,top
R16,52.25,46.75,180.0,top
R17,62.5,71.25,0.0,top
R18,60.678037,66.25268,0.0,top
R19,59.75,71.25,270.0,top
R2,50.678037,66.25268,0.0,top
R20,62.568099,66.247647,0.0,top
R21,60.75,41.25,270.0,top
R22,60.25,46.25,270.0,top
R23,55.26,40.5,180.0,top
R24,57.25,46.25,270.0,top
R25,55.26,41.75,180.0,top
R26,55.25,46.75,0.0,top
R27,58.75,69.75,0.0,top
R28,56.833139,66.254891,0.0,top
R29,55.25,71.18,180.0,top
R3,49.75,71.25,270.0,top
R30,54.9356,66.254891,0.0,top
R31,63.25,41.25,90.0,top
R32,62.25,46.75,180.0,top
R4,52.568099,66.247647,0.0,top
R5,50.75,41.25,270.0,top
R6,50.25,46.25,270.0,top
R7,45.26,40.5,180.0,top
R8,47.25,46.25,270.0,top
R9,45.26,41.75,180.0,top
SW1,18.0,74.25,180.0,top
TP1,4.5,54.5,0.0,top
TP10,42.25,72.25,180.0,top
TP11,42.25,70.25,180.0,top
TP12,41.75,44.75,0.0,top
TP13,41.75,42.75,0.0,top
TP14,41.75,40.75,0.0,top
TP15,42.25,68.25,0.0,top
TP16,42.25,66.25,0.0,top
TP17,41.75,46.75,0.0,top
TP18,65.25,71.0,0.0,top
TP19,65.25,65.0,180.0,top
TP2,7.75,25.0,0.0,top
TP20,66.0,44.0,0.0,top
TP21,66.0,46.0,180.0,top
TP22,66.0,40.0,0.0,top
TP23,65.25,67.0,0.0,top
TP24,65.25,69.0,180.0,top
TP25,66.0,42.0,180.0,top
TP3,9.25,23.5,0.0,top
TP4,7.75,22.0,0.0,top
TP5,9.25,20.5,0.0,top
TP6,8.0,7.5,0.0,top
TP7,9.5,6.0,0.0,top
TP8,8.0,4.5,0.0,top
TP9,9.5,3.0,0.0,top
U1,3.5,60.0,90.0,top
U10,16.75,31.0,180.0,top
U11,22.75,31.0,180.0,top
U12,34.75,31.0,180.0,top
U13,28.75,33.75,180.0,top
U14,10.75,33.75,180.0,top
U15,5.25,24.0,0.0,top
U16,5.25,21.0,0.0,top
U17,40.75,28.25,180.0,top
U18,46.75,28.25,180.0,top
U19,52.75,28.25,180.0,top
U2,48.75,53.25,0.0,top
U20,58.75,28.25,180.0,top
U21,64.75,28.25,180.0,top
U22,40.75,31.0,180.0,top
U23,46.75,31.0,180.0,top
U24,52.75,31.0,180.0,top
U25,58.75,31.0,180.0,top
U26,64.75,31.0,180.0,top
U27,58.75,53.25,0.0,top
U28,11.0,10.75,180.0,top
U29,17.0,10.75,180.0,top
U3,10.75,28.25,180.0,top
U30,23.0,10.75,180.0,top
U31,29.0,10.75,180.0,top
U32,35.0,10.75,180.0,top
U33,29.0,13.5,180.0,top
U34,11.0,13.5,180.0,top
U35,17.0,13.5,180.0,top
U36,23.0,13.5,180.0,top
U37,35.0,13.5,180.0,top
U38,29.0,16.25,180.0,top
U39,11.0,16.25,180.0,top
U4,16.75,28.25,180.0,top
U40,5.5,6.5,0.0,top
U41,5.5,3.5,0.0,top
U42,41.0,10.75,180.0,top
U43,47.0,10.75,180.0,top
U44,53.0,10.75,180.0,top
U45,59.0,10.75,180.0,top
U46,65.0,10.75,180.0,top
U47,41.0,13.5,180.0,top
U48,47.0,13.5,180.0,top
U49,53.0,13.5,180.0,top
U5,22.75,28.25,180.0,top
U50,59.0,13.5,180.0,top
U51,65.0,13.5,180.0,top
U6,28.75,28.25,180.0,top
U7,34.75,28.25,180.0,top
U8,28.75,31.0,180.0,top
U9,10.75,31.0,180.0,top
